<?xml version="1.0" encoding="UTF-8"?>
<project-private xmlns="http://www.netbeans.org/ns/project-private/1">
    <editor-bookmarks xmlns="http://www.netbeans.org/ns/editor-bookmarks/2" lastBookmarkId="0"/>
    <open-files xmlns="http://www.netbeans.org/ns/projectui-open-files/2">
        <group>
            <file>file:/C:/Users/Kevin/Documents/GitHub/CS-141/Project%20Two/src/project/two/InsertCustomerGUI.java</file>
            <file>file:/C:/Users/Kevin/Documents/GitHub/CS-141/Project%20Two/src/project/two/OrcaGUI.java</file>
            <file>file:/C:/Users/Kevin/Documents/GitHub/CS-141/Project%20Two/src/project/two/Invoice.java</file>
        </group>
    </open-files>
</project-private>
